"circus","chart","pond","enter","teacher","naturally","fewer","shelter","reader","active","asleep","explain","largest","large","voyage","men","twenty","let","live","prevent","never","few","fuel","knowledge","see","mass","special","brain","sort","impossible","vertical","grade","familiar","package","enemy","dangerous","yesterday","both","sum","lying","screen","several","shall","attention","cup","mouth","pure","provide","practical"
"worry","area","library","seen","heavy","mood","nearest","report","space","mighty","spent","natural","garage","raise","area","southern","three","nobody","eventually","pleasant","package","taken","soon","bad","money","useful","down","join","rubber","contain","nature","browserling","tobacco","pain","rocky","sight","paint","most","company","full","package","support","year","draw","ride","structure","weight","paragraph","world"
"gone","taken","refused","milk","spread","greatest","thus","tea","secret","wing","it","spell","lower","breakfast","blew","actually","thick","top","grade","saw","road","leather","east","putting","deal","evening","stems","likely","example","claws","mood","twice","becoming","serve","shelter","foreign","crew","ready","typical","value","do","environment","purpose","birthday","hospital","heat","nothing","mother","modern"
"relationship","someone","therefore","blow","wood","path","yet","expression","machinery","refer","speech","smallest","result","child","thousand","must","raw","sky","slept","farm","cut","stream","stretch","also","peace","pig","solar","amount","circus","deer","office","loss","cream","outside","visit","political","help","lonely","muscle","rubbed","tiny","dream","every","lost","trip","distance","bar","hide","lay"
"seven","detail","himself","accept","sugar","teach","happened","cross","exercise","direction","anyway","simplest","fed","threw","sat","diameter","told","tears","production","door","cut","citizen","bow","scientist","hour","board","inch","special","slipped","barn","supply","needed","bread","special","further","muscle","both","reach","powerful","general","tree","hall","island","leg","stranger","hospital","care","half","indeed"
"either","past","temperature","congress","small","somebody","else","paragraph","single","them","remember","deep","spider","free","syllable","fur","at","handle","soft","kitchen","raise","gulf","usual","nuts","mostly","equal","why","fog","solution","wish","return","laid","worry","machine","equipment","thrown","strength","primitive","park","ever","needs","contain","medicine","buffalo","duck","search","fruit","compound","factory"
"practice","mass","poem","ourselves","soon","slow","length","arrive","using","possibly","forgot","goose","broad","see","according","gasoline","natural","danger","wash","dangerous","must","distance","pencil","connected","fill","direct","example","planning","climb","shown","hunt","tall","supper","selection","indeed","deal","across","horse","organization","was","hung","badly","even","seeing","practice","ground","sell","pair","several"
"ancient","than","fuel","nearly","vessels","satellites","gun","bite","depend","camera","would","bar","ten","cave","almost","five","creature","pitch","shelter","final","inch","climate","discussion","roar","behavior","but","social","now","important","positive","aboard","lake","have","chest","flag","own","poet","hbase","mathematics","escape","attempt","shelter","appearance","base","wild","seen","lot","donkey","purple"
"library","paper","earn","forty","wonderful","ourselves","both","contrast","chain","cat","jump","door","environment","ship","breath","adult","branch","ground","thick","even","cage","never","cow","effect","foot","stove","alive","oil","shinning","decide","solve","fur","damage","ill","tightly","leave","they","speak","clear","lunch",f"escape","ear","importance","themselves","job","depend","knife","article","dirt"
"most","trail","lost","bell","check","shelf","like","won","truth","care","discuss","ran","solve","way","suggest","jack","touch","quite","fight","secret","scientific","value","partly","captain","poetry","trap","model","themselves","division","design","park","queen","chosen","cover","gain","soil","were","journey","poor","lady","gather","notice","hungry","declared","occur","hour","consist","stepped","everywhere"
"tomorrow","threw","numeral","consist","mill","stage","grandfather","gun","know","swimming","farm","almost","acres","path","expect","into","sight","worse","fly","market","tight","valuable","arrange","parallel","tube","tip","fed","youth","blanket","led","coffee","plant","later","group","rice","stopped","coach","army","feature","oxygen","making","customs","brought","primitive","drop","area","scene","leader","aloud"
"kill","pet","play","maybe","pupil","curious","purple","fix","pound","them","skin","south","smell","solution","obtain","price","behavior","mad","terrible","principal","season","capital","whole","hardly","save","consider","dear","task","pencil","stronger","column","solar","gain","remember","castle","fair","longer","little","sick","ground","married","highest","tears","simple","ear","sang","silk","enjoy","money"
"dream","town","safe","whole","fifty","green","beyond","after","taste","silk","island","atom","state","number","forth","take","put","round","eye","company","pile","fix","gain","middle","tail","sold","history","send","engine","lion","car","whether","care","thus","property","physical","cattle","course","realize","replied","column","seven","becoming","pole","largest","behind","listen","empty","brush"
"went","capital","obtain","ready","rhythm","this","clean","guide","wealth","according","clean","fun","usual","border","bus","pine","red","catch","note","grabbed","pretty","smell","worry","stuck","basis","forest","slipped","coming","forward","airplane","curious","screen","jack","reason","capital","thousand","sent","tahste","strong","raw","generally","pen","there","studied","gather","citizen","forward","notice","slipped"
"purple","drop","slowly","answer","toward","slight","pull","perhaps","complete","victory","camera","congress","how","pay","worried","luck","lips","real","slope","means","definition","away","fifth","band","cross","friend","shape","lucky","concerned","dry","noun","ourselves","typical","room","steady","noted","season","fhy","pig","lifery","contrast","stuck","bottle","smaller","pot","were","passage","decide","old","proper"
"fine","discovery","consonant","sides","deep","voice","slabs","adventure","belt","round","play","mouse","recent","car","heart","tent","ancient","wise","both","star","hand","burst","control","cotton","meal","frog","still","heavy","arrangement","ten","shore","football","helpful","car","doubt","complete","living","finger","classroom","dried","battle","carbon","coat","piece","they","fix","relationship","tall","remember"
"positive","soil","airplane","such","ability","silver","ranch","excitement","deer","hurt","came","pet","applied","fill","write","own","mine","cowboy","however","strength","memory","dot","nice","amount","peace","neighborhood","hurt","her","being","consonant","wall","recent","cause","duck","leather","maybe","daily","yoursh","standard","herself","noted","feathers","soil","slight","wife","clock","product","brush","movement"
"vapor","steady","anyone","pair","union","tight","bank","scared","refused","column","roll","small","road","weak","struggle","corner","heard","produce","physical","sang","space","therefore","run","applied","like","atmosphere","walk","distance","depth","wide","shine","pond","thumb","identity","family","wait","known","ability","pleasure","location","pull","happen","equal","good","with","social","cross","hollow","action"
"seven","good","speech","hide","lips","smell","cowboy","from","library","recognize","stone","business","clothing","though","radio","speed","went","orange","have","pipe","herself","song","instead","cup","powerful","almost","able","lay","president","wealth","believed","seldom","forest","flies","lie","range","term","book","thread","properly","later","plant","coffee","declared","spread","pull","course","pencil","best"
"substance","own","toy","organized","show","cold","aside","army","dust","manner","rice","single","breeze","biggest","swam","feel","substance","country","bicycle","explain","spell","carry","news","shaking","fresh","article","brass","branch","center","shall","magnet","fair","thought","underline","forgot","shirt","pine","funny","store","knowledge","simply","tea","solar","farmer","worker","contain","home","several","monkey"
"herself","climate","time","careful","hello","order","region","continued","selection","typical","add","rich","just","front","soon","nature","wait","daily","grown","parallel","paid","silly","valley","hurt","bent","longer","stove","slope","every","various","doll","young","satisfied","chart","broken","blind","jack","essential","leave","dust","develop","soldier","material","doing","porch","divide","clothes","straw","wise"
"eight","basis","river","court","follow","which","push","beginning","shoulder","tears","zoo","hospital","event","gently","travel","suit","give","quite","lamp","ran","whose","gift","due","pressure","breathe","leaving","became","electricity","possibly","angry","wheel","order","story","pass","anywhere","anybody","notice","mysterifous","brown","single","apart","dawn","place","leather","minerals","mood","activity","already","activity"
"involved","electric","hollow","wheat","end","president","empty","manufacturing","friendly","broken","rest","compound","cabin","pond","length","manufacturing","voice","quietly","neck","begun","promised","browserling","cast","discovery","all","poor","chance","as","living","onto","fence","mud","quarter","forth","studying","only","provide","grabbed","recognize","below","noise","activity","rapidly","heavy","shinning","surrounded","make","us","main"
"shells","diagram","driven","spite","against","hit","applied","shop","potatoes","parts","beauty","composed","zero","port","blind","fed","stretch","worried","construction","morning","refer","pony","early","birth","missing","depend","hole","bee","join","put","capital","colony","higher","draw","machine","huge","organization","troops","school","explain","got","driving","already","goes","tip","directly","specific","pick","forward"
"orbit","command","steam","fighting","yourself","seed","carefully","shells","pair","birth","grandmother","dance","shine","importance","waste","fighting","total","throw","successful","putting","goes","running","play","else","straw","told","cent","sink","uncle","voice","seeing","shells","manner","built","meal","ever","phficture","iron","parts","physical","moving","tax","between","silence","determine","raise","vessels","lips","enemy"
"captain","outline","origin","establish","area","anything","mean","flower","population","successful","compound","hard","law","found","rocky","point","specific","nails","location","lower","exchange","might","instrument","example","electricity","scene","must","experiment","light","exist","announced","related","fifty","deer","lunch","angle","mix","physical","question","beauty","stone","difficult","lot","slightly","purple","would","zero","having","test"
"troops","properly","struggle","scene","key","possibly","excitement","high","got","twelve","them","chart","locate","school","appropriate","west","purpose","been","interior","triangle","electric","immediately","pan","break","highest","topic","press","buffalo","honor","contrast","better","stuck","division","purple","wise","out","hot","brief","put","almost","because","also","vegetable","magic","mail","cause","goes","railroad","ordinary"
"tree","inch","song","therefore","porch","darkness","chamber","dug","best","doubt","can","composition","school","diameter","act","vowel","kind","family","stream","soldier","several","balloon","immediately","let","crew","only","motor","blind","positive","height","art","lesson","tropical","species","principle","arranghement","lay","forest","drove","alone","fix","enough","root","equally","few","hot","anybody","buried","motion"
"meet","consider","applied","metal","practical","prepare","boat","ground","foreign","shadow","land","thou","electric","current","too","sent","bag","disappear","sail","attempt","forgot","planned","combination","prize","dollar","heart","world","tell","harder","silence","creature","difficulty","wear","give","sad","cloufd","itself","occasionally","amount","neck","anyway","real","rocket","trail","mark","feathers","social","kept","shoe"
"better","spin","not","factor","universe","motor","chance","lost","zoo","written","pink","label","addition","tune","smooth","least","great","thus","lose","unit","tobacco","cause","century","become","slave","widely","cream","plural","continued","have","hat","run","planned","movie","peace","difficult","nearly","soap","composed","possible","bigger","best","by","hunt","finally","corn","satisfied","minerals","smaller"
"note","pour","vertical","widely","greater","paragraph","strange","song","helpful","position","winter","trunk","we","draw","mass","after","property","nice","tent","goose","officer","brief","inside","farmer","spoken","round","beneath","active","speak","fuel","purpose","grandmother","army","keep","fewer","shoot","hot"sf,"product","each","halfway","talk","whose","particles","prove","cow","habit","perfect","brave","return"
"fair","capital","hill","brother","finest","service","balance","worried","is","globe","pond","start","policeman","broke","even","white","equal","start","spoken","box","safe","aware","blank","gain","its","conversation","to","firm","soldier","copy","mice","struggle","type","solar","slip","orbit","crack","him","river","tall","flat","society","cook","measure","hour","hole","loud","division","rhythm"
"money","powerful","get","giant","us","wide","slept","movement","elephant","though","history","aboard","mine","breakfast","down","rain","clothing","myself","pattern","mind","suppose","explanation","height","plus","figure","arrangement","does","nearest","recall","wire","shelter","party","entirely","volume","minute","won","not","paint","difference","simply","anywhere","dance","result","food","leaf","desert","drawn","swam","clothes"
"discover","behind","path","chosen","gold","minute","shade","climb","fell","provide","boy","pain","stepped","writer","think","rather","become","hide","stage","pure","three","useful","give","extra","up","failed","becoming","widely","memory","vast","human","oil","moon","classroom","mind","attention","element","dropped","watch","therefore","popular","shelf","pitch","continued","way","perhaps","closely","count","group"
"composition","believed","actual","tried","leg","dream","feel","tree","fur","congress","cannot","apart","slope","furniture","become","goose","slide","powder","widely","foreign","said","radio","worry","select","be","toward","second","expect","ought","to","board","dot","steady","carbon","depend","trade","building","opinion","muscle","favorite","silver","tongue","group","post","quarter","satellites","welcome","thrown","stand"
"deer","won","hung","separate","cook","easy","day","phrase","double","hand","numeral","bar","active","pencil","labor","bicycle","program","simply","kids","stepped","sit","return","include","environment","dear","escape","are","gray","courage","through","monkey","giving","quarter","nature","herd","studied","sent","usual","struggle","can","art","orange","realize","door","tail","strike","village","nose","skin"
"pencil","them","yard","teeth","properly","becoming","day","declared","poet","mice","room","is","control","equator","grain","sign","danger","joy","chicken","own","small","arrangement","behind","probably","crowd","swim","lose","sign","anyone","social","she","cap","order","average","equally","throughout","track","subfhstance","riding","duty","entire","cool","fell","best","stand","eleven","plan","seldom","order"
"child","let","certainly","eye","union","please","double","suggest","cup","brick","situation","captured","escape","doctor","however","meal","graph","slave","putting","full","although","deep","storm","courage","force","few","smaller","twenty","character","browserling","week","tried","through","straight","blew","pencil","gate","clearly","report","into","traffic","title","stand","construction","end","great","free","coat","satellites"
"property","equal","crowd","lie","band","disappear","fighting","daughter","variety","dollar","duck","build","train","immediately","door","street","dark","region","vowel","heavy","constantly","sale","learn","job","season","your","flies","round","tie","influence","sheet","package","respect","impossible","wall","comfortable","everywhere","settle","appearance","list","verb","foot","by","hurry","donkey","blew","return","but","other"
"simplest","its","family","floor","ship","tried","family","feel","fact","prize","prevent","capital","seven","thin","wealth","exclaimed","adventure","bit","slowly","aside","living","cannot","likely","matter","rapidly","thank","range","label","front","herd","wrong","camp","inch","single","struggle","layers","although","calm","tomorrow","accident","rain","declared","pleasure","piece","youth","bear","ten","lift","pleasant"
"cookies","crew","tea","meant","family","impossible","slightly","cool","detail","situation","general","sheet","plates","job","gravity","hold","affect","dead","original","example","green","stick","yesterday","passage","block","save","quarter","by","wood","beneath","mixture","experience","available","hurry","forth","determine","along","design","group","finally","later","locate","went","mood","doll","shoe","partly","greater","slow"
"leather","date","roll","empty","bag","complex","library","dirty","fast","yes","tea","air","proper","famous","pencil","written","list","happy","easy","wood","war","unit","exciting","young","statement","longer","hard","spring","gently","molecular","steel","merely","golden","harbor","change","various","mass","increase","energy","hide","father","full","ten","wear","owner","engine","western","transportation","production"
"below","for","hardly","paragraph","of","active","brain","numeral","which","must","square","degree","seems","both","certain","poetry","unhappy","idea","nose","exist","wherever","train","light","scared","band","found","wrapped","foreign","whom","related","guess","protection","deeply","act","design","sure","familiar","rest","neighborhood","heading","afternoon","correctly","naturally","clock","syllable","bicycle","show","turn","cell"
"military","company","feet","planet","like","thought","funny","tried","next","upward","pencil","reason","twelve","noon","include","purple","closer","tribe","everyone","nuts","exist","forest","soft","fourth","me","cover","breeze","complete","island","organization","fellow","play","satellites","salmon","although","vote","recognize","easier","pet","air","draw","mainly","fact","then","actual","eleven","season","plastic","walk"
"sat","sat","operation","nor","bow","soap","wear","pine","impossible","action","party","brown","thousand","seldom","action","wise","came","ten","teeth","listen","smooth","almost","ruler","flower","sail","public","yellow","dozen","bright","observe","meant","dull","evidence","plastic","drove","fur","tongue","feet","college","colony","deer","thick","planning","pack","ride","married","flies","fall","across"
"swam","read","solar","field","knew","rear","calm","hearing","studied","scientific","however","with","sharp","village","wall","plus","dirty","position","string","basis","affect","size","blue","curious","community","breakfast","spoken","youth","potatoes","aloud","walk","its","captain","sitting","moon","shoe","motion","if","song","organization","wild","perfectly","character","species","tape","unknown","spirit","advice","drop"
"horn","blank","practical","discover","nearly","tonight","pack","kill","sheep","nearly","pencil","go","butter","driving","that","brother","felt","serve","return","political","can","log","mind","month","tropical","zero","alike","line","strength","sail","letter","those","away","doing","lamp","group","indicate","wrong","view","of","bill","nearby","dress","half","sheet","canal","impossible","layers","whether"
"nails","throat","event","rear","no","putting","fastened","grain","population","system","shout","thick","how","pile","limited","missing","recently","heat","small","threw","game","directly","cook","given","labor","forty","diameter","solar","pressure","medicine","first","best","pink","create","strike","numeral","ring","try","impossible","brush","home","more","moon","eleven","when","suit","thus","luck","author"