7RSFIJX9ESUGOCC8,GK576AYFYB1A5N9H,JBX33A4MUDCKFNCL,TCLA2QBL6NC244IC,JXBOIBVFPM5Y2ERQ,DH0XU1XOD0ZD2ONP,6IIEQBP8D4YXJ43Y,UQQB7TXYPU99QZQO
Y59K6LZR2LLU7ZLN,GJ39CQHRU8HRJ115,YO1S3GBXH9B5E27I,M35VEL65M9ZA2Q4I,CBRSQ8IH1YQ0V4IH,S7IIH8RCBCTP41S3,EIT7SG7YTYHTNRMV,1GBXIQ7ENQ5943N9
GER0I24FS07PJRFI,LC9HSB2VN6UUF2G8,179CEUTA2ODDMCYR,AH6CU4ETKS29CBXA,BJDL0N9F7ZRU4K6V,64DRGXIO0S80PS6X,7IGVKB9UVZNHIYA7,R8P6LO9SX8OU2MY8
6PZQVIF0KCR0VXQ0,40FCEK0QAOTOF51Q,JYNDC0HDQK0K718A,0DU3MPIHYY2FQBSP,FGEBY9JRQT1EICI9,90L528KRTSQA0ONH,3JFMJK4ZK7DO7TVL,525RS67XU8BQQN12
5AZ4RKMXXCPSPC3D,YJJLLHJE637CAT2B,2I4QO9SEEE92J3YZ,C9VPJZ77MZTVJNK0,19ROORMP4DFZ79XL,LKODTHMVRAOA3GQU,IM48VXGP0630QJII,HKQ2SK1EBUQMAENG
ABAP8637M0FJZC1C,8AKN42QQYB199GEJ,48HGQDCZL66PI4OG,92Z469822U2CA71B,N29Z087QUOD0GHTB,JDZQF48E1EG57JQ7,UM4X1E9PZQN8CZ5R,EMJPC140ARJ5D3P3
O16Q50CG8HQHK1QF,VMGR3OMQCLIQ5LYX,6VQ93A6DQCO4GHEC,BIMXVA05LFHTVMJC,JQA5AQQY1U1AO6NV,QXXX4F6PEAQR3EXX,E3YEE7ZOP1YFNUU1,YQ9SY798TQEYNZG7
4BEHLHF78HG6Q8Y2,RAKI7HF3NQ8PF4EZ,OUM67DLUP9EJRS38,0GKY276Q2XJ6KZK3,8SNNYPN7DET59HI0,V3EIVQO3CR1HVTSZ,9ZEA4CTSBL4RQ2E5,K0J3J1NSSLMKHNLN
KYIRO35FQ99BL96T,2IRMMD496XRIXROS,CHDSCL4PSGFQO60Q,UAK69LO895I1VS4J,68TLYJ37566VU9SK,EL38DV0MOU2VY6EF,UD5QIQAGL2QNOJN2,SJ90QRT5R5ZLAOVV
Q2B2K1VSPPB4FXXX,ZE20QSIYP6QDZH80,90XUL5AVJLPRXLY6,7JJPM32YKV1TBO3J,AQF61JH2NL41271I,KRHG1BB77B3JG8UP,9PSENJX1X2TILVLZ,4MKQMVSYRYI0VUQE
OZKMPYOJJ911XAJL,CKFBQQZPKL6KEMUV,KXXMQCPZA88HX0ZQ,H88SHIB88YVDPUPF,FTTCQ5AID7Q7AGLH,ZXY1H3Q9XBDTCN0H,98XGOT3QCUTO67S1,9FI9TUFQ3UQ5INQG
HFCG4Y19EQMOD3V5,ES2AIQYXMC698YHU,ZM8N70EDP7V86GAJ,BA8M6ENXPZUQGVG4,TK325SCSFJC4GQLV,HCC5CT5Q0HEL224O,JYRSVKNQP7QM738Z,YQBV3EZRKY45U1VJ
M0I05JS7DDUQOS8M,4LLER6MF3QXIHBN2,RM75C7NCFGAEOK9L,FF59CQJBQR3YFPNF,YUPE1V9XBBPVHH7P,SCJUQHQRHCFP6QFO,67OKUIUOKV7EYQOX,GNBTV1JFRR8S4IHL
7425BC09M0QTC8ZV,FONKCNAQ06FF9Q0M,3QQ7E6VSZI24JR4D,UQ72ROHM8V73T4X2,7Y3D06PLRFU5SG9V,NMX5T2JFESVJI8UL,3JOBFYAQXK0OPHMK,54IY102VT531P45M
CGBYAC698EV1DV3X,9ND19L4ECFERMGBA,259GNV1QQ6UMVMUQ,OVPU90H1I34FY6MS,NZ6ADQ298JUI453N,UFSSPO4U6HP0B5X3,QMP0ELTJK77DS590,VXCPJMH896SMZEMT
FYQQDBSCPSIK4VB0,KD0KXUBB24Q6Q7YU,2Q0HSEJZ6AAF5ODS,7QKCJ2QNLPYKLHPO,HVCD46Q9AFQXYBXP,4RH5TTPTCJB9FOZ3,C96N7JU8Z7VZHYQR,H54HEJZQ9ZLPIVVO
RG4RYSUHH5OOQ80U,9J6Q3D0E4S76OA8T,S6PVJRFQV7EH2IQE,M90FQ3N3FZX7ZAIV,1DTYGA2R42P4CXOD,P2XILYQEDOV0JZO9,46CGSIR2K1X9KFJT,5SO3BK26OZ9GQRG6
IEF2HMT74X85O0PX,0IHHD9VXFSABKS5V,YH6XQ2R8Y7Y05DRB,Z605TR5HDMEVPP5O,5USTAV0RAYER747Q,AD98KN7V4B4QXGLA,42QQZ67LDOZQVMR5,00QHOCDX6LLMIR2E
PB6KN3PM9PXKRCYQ,FS9Z8Y57ZL930YCF,IC9CR1ZN2JPIKLYB,6VF94632MH3BYNEY,8A8PAFZX5GS1I98T,43DLUJMZPRR8PKO2,NC8XMT48A188SC58,PCQXZ5KT9XVBQ8RY
T8J8Z9AI4YBR43FC,HHI30B2AOX5ZTHE4,H6AJPSSI7X515ICM,QF0CYR3VUB11TGXA,QTY9QZUDYMCORKKB,DLAYS2PJDYAJMK17,G6OGSYF90RFV2ARP,AQHRQHZ7CQKEBM3I
MFTC4HDF6L5T62I2,L6SEI9QURY8X9QKB,GHK8BFJHKK6ZKBI2,BGLUUKF34CUAPP79,CYMHB3NDBOIM7Q8B,DC4XOD6TGTAMZ354,PQFL4ZGE96J7UTCV,OSP2Q0C8E0J8ZQS9
Q115G8YN3HG63AUK,5XTQY0MCTQRMKYGB,MUIJTEEQQ63M00OA,7ZI5UZIJ443XQ4JD,H2GLOOFJEPTFEF5F,Z8DXXG4NQ8KGL6SZ,MTZH2FFHQ7TOLG4J,BY8A2QIL6VVT03NG
2UJQQIG5V2MAXZEZ,O454Y9DL8XQXG8BS,BQO7AK07IU516A7E,4FIQUH2STYBKHHSC,RLY5CMIOT0TGJZ9X,O36MRCB2I1AE0U93,RX7SVOJE3II6AH5K,0PU1PR0QBAUXIARS
UQTIF8COGF31OIF0,LDHQARA4C8E4RXNE,V60JUM2EHJEJ6PNM,2NVP77IQOYXAICF8,1XRSZQSO78Z8BLGA,A4GYL7N2ANERQ6X6,EKZ2BX4A65SO363R,B76YOSHXTIQR637K
2MQTPN4PG8D43XZB,QFARRHR98SZ5ZYQX,7ADSUX5DOMRE063L,A0IXLTNCRH39Y806,9VKE7NARU9T41QS5,TZRIK9JKS1I1FFLS,U611GNH55JQB4ZG9,5Z2T0XU2MQ6F9053
HGO4OX6GPCSNQLJ7,0RGFMH443PPUN77O,JY8ABFE5PSU3TH2Z,4S15AVVQ7A5UEA7B,GPOY01BDMT007EYM,YJ3M6JJ3CKFCH6RG,HIAQDQCKV52CVB2Y,T32CR2YVB6OZIIFL
VRBZA1O8EU5VP0X3,GGYVK9L2GRBV1JPY,CZFY36GSQLKGGST3,7Y38ICL9R7T8JUAY,JBUGQUK9IBVBHDYI,QQ88ZJ23TQDQ73O7,RDRRK20FAIK6NXPI,VHM0414RUNB5O65B
DF59BND7HRK6XV9T,UL09XM4GVQKI1RZE,BUJ8415NIFR7OE1P,H8SQVGRS698QMIO9,9G4T0KMN9GAMVD7Q,PI4VXUMPIAUO6PUI,2P4A5IRBJDZVTMYE,ISJUS0LXBB2K5OHS
4FOBL7X34PCL1LBB,DZY553VQR7NCD6FK,NZAKMLZR1P20NRRK,HQOSSDU0QEHRQ0YL,AZ5QY9GJJKBZK2XQ,U6AFF4LB4ONSQ5SK,59R7HV0EXFD5GZKG,Q70044IZ2ZLSBGOH
SNS5V5R4ILZN7VIM,91JQDNHGPO2MQ44V,N1ZRNKK3BTT51YZO,AA3IE04KHRSZGQAD,XO7UQZ9E8YQXBGZQ,NZ3TLMKC2VSQ1LTV,L1NOQDAVBPGBN9IN,QY2RF8MS2ZLJ2K36